task_id,job_id,stream,stashID,description
1,u-dz588,apm.pp,34059,O3P
2,u-dz588,apm.pp,34997,O1D
3,u-dz588,apm.pp,34001,O3
4,u-dz588,apm.pp,34058,N
5,u-dz588,apm.pp,34002,NO
6,u-dz588,apm.pp,34003,NO3
7,u-dz588,apm.pp,34996,NO2
8,u-dz588,apm.pp,34005,N2O5
9,u-dz588,apm.pp,34006,HO2NO2
10,u-dz588,apm.pp,34007,HONO2
11,u-dz588,apm.pp,34048,BrONO2
12,u-dz588,apm.pp,34049,N2O
13,u-dz588,apm.pp,34054,ClONO2
14,u-dz588,apm.pp,34013,HONO
15,u-dz588,apm.pp,34017,PAN
16,u-dz588,apm.pp,34032,MPAN
17,u-dz588,apm.pp,34025,MeONO2
18,u-dz588,apm.pp,34098,Lumped_N
19,u-dz590,apm.pp,34059
20,u-dz590,apm.pp,34997
21,u-dz590,apm.pp,34001
22,u-dz590,apm.pp,34058
23,u-dz590,apm.pp,34002
24,u-dz590,apm.pp,34003
25,u-dz590,apm.pp,34996
26,u-dz590,apm.pp,34005
27,u-dz590,apm.pp,34006
28,u-dz590,apm.pp,34007
29,u-dz590,apm.pp,34048
30,u-dz590,apm.pp,34049
31,u-dz590,apm.pp,34054
32,u-dz590,apm.pp,34013
33,u-dz590,apm.pp,34017
34,u-dz590,apm.pp,34032
35,u-dz590,apm.pp,34025
36,u-dz590,apm.pp,34098
37,u-dz874,apm.pp,34059
38,u-dz874,apm.pp,34997
39,u-dz874,apm.pp,34001
40,u-dz874,apm.pp,34058
41,u-dz874,apm.pp,34002
42,u-dz874,apm.pp,34003
43,u-dz874,apm.pp,34996
44,u-dz874,apm.pp,34005
45,u-dz874,apm.pp,34006
46,u-dz874,apm.pp,34007
47,u-dz874,apm.pp,34048
48,u-dz874,apm.pp,34049
49,u-dz874,apm.pp,34054
50,u-dz874,apm.pp,34013
51,u-dz874,apm.pp,34017
52,u-dz874,apm.pp,34032
53,u-dz874,apm.pp,34025
54,u-dz874,apm.pp,34098
55,u-dz588,apm.pp,50989,
56,u-dz588,apm.pp,50990,
57,u-dz588,apm.pp,50991,
58,u-dz588,apm.pp,50992,
59,u-dz590,apm.pp,50989,
60,u-dz590,apm.pp,50990,
61,u-dz590,apm.pp,50991,
62,u-dz590,apm.pp,50992,
63,u-dz874,apm.pp,50989,
64,u-dz874,apm.pp,50990,
65,u-dz874,apm.pp,50991,
66,u-dz874,apm.pp,50992,
67,u-dz588,apm.pp,34009,
68,u-dz590,apm.pp,34009,
69,u-dz874,apm.pp,34009,
70,u-dz588,apm.pp,10,
72,u-dz590,apm.pp,10,
72,u-dz874,apm.pp,10,
