task_id,job_id,stream,stashID
1,u-dz680,apm.pp,50451
2,u-dz680,apm.pp,50452
3,u-dz680,apm.pp,50453
4,u-dz680,apm.pp,50454
5,u-dz680,apm.pp,50455
6,u-dz680,apm.pp,50456
7,u-dz680,apm.pp,50457
8,u-dz680,apm.pp,50458
9,u-dz680,apm.pp,50459
10,u-dz680,apm.pp,50460
11,u-dz680,apm.pp,50461
12,u-dz680,apm.pp,50462
13,u-dz680,apm.pp,50463
14,u-dz680,apm.pp,50464
15,u-dz680,apm.pp,50465
16,u-dz680,apm.pp,50466
17,u-dz680,apm.pp,50467
18,u-dz680,apm.pp,50468
19,u-dz680,apm.pp,50469
20,u-dz680,apm.pp,50470
21,u-dz680,apm.pp,50471
22,u-dz680,apm.pp,50472
23,u-dz680,apm.pp,50473
24,u-dz680,apm.pp,50474
25,u-dz680,apm.pp,50475
26,u-dz680,apm.pp,50476
27,u-dz680,apm.pp,50477
28,u-dz680,apm.pp,50478
29,u-dz680,apm.pp,50479
30,u-dz680,apm.pp,50480
31,u-dz680,apm.pp,50481
32,u-dz680,apm.pp,50482
33,u-dz680,apm.pp,50483
34,u-dz680,apm.pp,50484
35,u-dz680,apm.pp,50485
36,u-dz680,apm.pp,50486
37,u-dz680,apm.pp,50487
38,u-dz680,apm.pp,50488
39,u-dz680,apm.pp,50489
40,u-dz680,apm.pp,50490
41,u-dz680,apm.pp,50491
42,u-dz680,apm.pp,50492
43,u-dz680,apm.pp,50493
44,u-dz680,apm.pp,50494
45,u-dz680,apm.pp,50495
46,u-dz680,apm.pp,50496
47,u-dz680,apm.pp,50497
48,u-dz680,apm.pp,50498
49,u-dz680,apm.pp,50499
50,u-dz680,apm.pp,50500
51,u-dz680,apm.pp,50501
52,u-dz680,apm.pp,50502
53,u-dz680,apm.pp,50503
54,u-dz680,apm.pp,50504
55,u-dz680,apm.pp,50505
56,u-dz680,apm.pp,50506
57,u-dz680,apm.pp,50507
58,u-dz680,apm.pp,50508
59,u-dz680,apm.pp,50509
60,u-dz680,apm.pp,50510
61,u-dz680,apm.pp,50511
62,u-dz680,apm.pp,50512
63,u-dz680,apm.pp,50513
64,u-dz680,apm.pp,50514
65,u-dz680,apm.pp,50515
66,u-dz680,apm.pp,50516
67,u-dz680,apm.pp,50517
68,u-dz680,apm.pp,50518
69,u-dz680,apm.pp,50519
70,u-dz680,apm.pp,50520
71,u-dz680,apm.pp,50521
72,u-dz680,apm.pp,50522
73,u-dz680,apm.pp,50523
74,u-dz680,apm.pp,50524
75,u-dz680,apm.pp,50525
76,u-dz680,apm.pp,50526
77,u-dz680,apm.pp,50527
78,u-dz680,apm.pp,50528
79,u-dz680,apm.pp,50529
80,u-dz680,apm.pp,50530
81,u-dz680,apm.pp,50531
82,u-dz680,apm.pp,50532
83,u-dz680,apm.pp,50533
84,u-dz680,apm.pp,50534
85,u-dz680,apm.pp,50535
86,u-dz680,apm.pp,50536
87,u-dz680,apm.pp,50537
88,u-dz680,apm.pp,50538
89,u-dz680,apm.pp,50539
90,u-dz680,apm.pp,50540
91,u-dz680,apm.pp,50541
92,u-dz680,apm.pp,50542
93,u-dz680,apm.pp,50543
94,u-dz680,apm.pp,50544
95,u-dz680,apm.pp,50545
96,u-dz680,apm.pp,50546
97,u-dz680,apm.pp,50547
98,u-dz680,apm.pp,50548
99,u-dz680,apm.pp,50549
100,u-dz680,apm.pp,50550
101,u-dz680,apm.pp,50551
102,u-dz680,apm.pp,50552
103,u-dz680,apm.pp,50553
104,u-dz680,apm.pp,50554
105,u-dz680,apm.pp,50555
106,u-dz680,apm.pp,50556
107,u-dz680,apm.pp,50557
108,u-dz680,apm.pp,50558
109,u-dz680,apm.pp,50559
110,u-dz680,apm.pp,50560
111,u-dz680,apm.pp,50561
112,u-dz680,apm.pp,50562
113,u-dz680,apm.pp,50563
114,u-dz680,apm.pp,50564
115,u-dz680,apm.pp,50565
116,u-dz680,apm.pp,50566
117,u-dz680,apm.pp,50567
118,u-dz680,apm.pp,50568
119,u-dz680,apm.pp,50569
120,u-dz680,apm.pp,50570
121,u-dz680,apm.pp,50571
122,u-dz680,apm.pp,50572
123,u-dz680,apm.pp,50573
124,u-dz680,apm.pp,50574
125,u-dz680,apm.pp,50575
126,u-dz680,apm.pp,50576
127,u-dz680,apm.pp,50577
128,u-dz680,apm.pp,50578
129,u-dz680,apm.pp,50579
130,u-dz680,apm.pp,50580
131,u-dz680,apm.pp,50581
132,u-dz680,apm.pp,50582
133,u-dz680,apm.pp,50583
134,u-dz680,apm.pp,50584
135,u-dz680,apm.pp,50585
136,u-dz680,apm.pp,50586
137,u-dz680,apm.pp,50587
138,u-dz680,apm.pp,50588
139,u-dz680,apm.pp,50589
140,u-dz680,apm.pp,50590
141,u-dz680,apm.pp,50591
142,u-dz680,apm.pp,50592
143,u-dz680,apm.pp,50593
